COSMIC_ID,Drug_1,Drug_2,Drug_3,Drug_4
910944,0.641369625,2.049716747,-0.035383729,0.272437809
1295741,0.7178838,0.864208846,0.701970029,1.209835559
910692,1.892087346,2.139807037,0.851740306,0.673989851
1297439,2.269758503,2.303914224,1.137956281,1.698989416
906838,1.358367686,1.161891912,2.060527972,1.093045484
753555,1.984610303,1.377847132,1.956952093,1.422838991
684057,1.519423991,0.951454991,0.841297874,0.853289094
907041,1.233416106,1.432464123,2.087174146,0.989598107
1327766,1.736361554,0.974911489,1.333387727,0.437846558
907279,2.371351082,1.179930004,1.579570323,1.670846858
907282,2.169542376,1.341109125,1.907014955,1.596974044
753579,1.044948436,1.81407169,2.310722965,1.472980718
907791,1.474238478,1.742972113,1.476803397,1.217399765
917486,1.889330675,2.235206694,0.589979144,1.561238131
907795,1.737130566,1.884863134,0.314804492,1.33753185
910948,2.058180299,1.548579261,2.161615449,1.429366322
908149,0.726401789,1.867035997,1.293468381,0.713542312
753595,1.70090265,0.13777514,0.508464423,1.475022358
908159,1.568248409,1.532643211,0.67793202,1.167062636
684681,2.377620246,2.19681796,2.514274309,1.798527562
688014,1.448914912,2.15229476,1.554768033,1.345600127
687600,1.919599093,1.920409847,2.226002684,1.177948486
908445,1.972479865,1.747262189,1.554491073,1.411508247
910861,1.947194227,1.29444754,1.254629511,1.346766341
909713,0.8640272,-1.855921443,2.564660644,1.737484144
905955,2.044111099,0.393011812,2.01545046,0.950407575
1331032,1.190381667,1.756020495,-0.385253084,1.225152434
753621,2.28586212,1.327867672,2.093989461,1.281411622
946356,2.217213749,1.889152648,1.657799113,1.624588253
735784,1.901387628,2.232687621,1.594848161,1.037754279
687562,1.868963959,NA,1.378577722,1.153839813
906794,2.020074731,2.076545582,1.951901719,1.415659034
910691,2.082050374,2.216101931,0.930346648,1.490637165
946368,1.715153007,2.277186312,2.38298627,1.325141427
687983,2.224628008,1.179469016,2.449294435,1.622568017
1297446,1.827262143,0.738979241,0.750389559,0.862884683
1240128,1.829742735,-1.293732358,0.619128507,1.223211925
684059,1.621684054,0.735937388,0.267230294,0.79634842
906861,2.011561475,1.649039171,0.746524835,1.372714029
949163,1.891006772,1.894174704,0.46086675,1.289215914
684062,2.248038697,1.022083652,2.256531275,1.260770837
1297449,0.968009997,1.587982411,0.397892079,0.718753412
687568,1.692353017,1.256553478,0.835746637,1.584540263
906872,0.935145623,0.327164434,1.075187326,1.410236331
749715,2.033287359,2.08248308,1.166979315,0.438195238
907172,1.804783513,-0.318278129,1.527311825,1.459514977
905940,1.751239824,0.954197159,1.275810043,-1.95554673
907322,1.838051572,1.911225338,2.486373053,1.341902153
949170,1.011932466,2.276903198,1.957549945,1.650536687
724863,2.344795035,2.240153309,1.065406496,1.744623057
908143,1.639595157,1.819723644,1.227166239,1.481977649
1323913,1.694894026,0.666188334,0.326575538,0.590389813
949176,0.782004095,1.532794976,1.506214535,1.372982678
1240181,1.316899139,1.995248212,0.817247077,1.117123265
908467,1.78364181,1.838442405,1.717094118,0.687758199
753599,2.193201079,2.237505662,2.664743519,1.146487684
908469,2.133484499,1.897932484,1.537510693,1.446070533
688006,1.930590869,2.1289942,1.589241324,1.276592392
687804,1.851475943,1.960705791,1.350452793,1.137832247
1330972,2.058878288,2.024212186,1.080862832,1.372472133
688023,2.09894647,1.905229,1.389591805,1.505514007
908483,1.63124574,1.749118078,2.504879797,1.000792679
908457,0.938752619,1.451517056,1.360387293,1.611233015
908449,1.152493156,-0.525012447,1.594277577,1.399546327
1290455,0.815986284,0.899280138,-0.109820997,1.072781785
1330984,0.233340691,0.022800621,0.483682135,1.091527723
909256,1.431290525,1.457639344,1.369157596,0.887610396
909250,0.75017788,2.096188483,2.187138912,1.32672107
905990,2.002753883,2.189984061,1.666900293,1.544941062
971773,1.406926557,0.646934922,-0.025903317,0.748509353
724872,0.679135638,1.860399244,1.252342443,1.32674798
909723,1.519624123,-1.374251039,2.437340122,0.970560274
905982,2.471327101,2.420838072,1.626538327,1.515737056
753623,1.932067048,1.249963117,0.987426855,1.19205947
946353,1.882931908,1.9352517,1.74754366,1.494822488
910780,1.587138656,1.802368219,1.079706561,1.13434326
909773,1.74936413,1.134173927,0.106876741,0.927049372
946359,2.088496431,1.586368152,1.597198085,1.606507983
910554,1.261498396,2.288366036,0.8982776,1.526057748
906862,1.819414564,1.869202195,1.496994591,1.21892176
949165,0.925152803,1.405976887,1.717163258,1.3140205
906877,1.295598911,0.847867382,1.345431342,1.572406833
749716,1.764148622,2.359454607,1.07358658,1.716992659
753618,1.858154924,1.725140879,-0.026508719,1.14650803
905989,1.293586091,1.49183615,0.765883967,1.525883556
909975,2.209389117,2.244772152,1.80155667,1.607302311
753592,1.608906513,1.581276462,1.914099095,0.693028015
683665,1.006530065,1.105083247,0.063384881,1.034163875
908142,1.772611572,0.595144122,0.993547931,0.61454849
949171,0.861530522,1.70685058,0.765452549,1.353048048
924244,2.112450801,0.743114004,1.152805856,1.490805
905941,0.721902285,1.740621471,1.103733621,1.335990106
688021,2.252629708,2.29810999,2.312832531,1.653311572
1240193,1.717446822,1.784461644,1.518155667,1.119710213
908451,1.037736163,1.087239244,-0.063328437,0.522748379
1330983,0.331792059,0.977649036,0.055721386,0.954743898
909698,0.478758592,0.243275145,0.545015312,0.700238587
909702,1.479482544,1.149231138,0.626524134,1.082967405
905986,2.078132682,1.618500104,0.964921157,1.143372338
753620,1.069586741,2.245949104,0.792463471,1.594161733
909720,1.693023514,NA,0.952974558,1.300881905
910905,1.683840999,1.815976049,1.438178977,1.848827314
909754,2.545933571,2.448966634,3.186978079,1.989639787
1331050,1.704940172,1.642546003,2.004186853,1.148128188
906763,1.108644153,0.29141667,1.58487088,-0.146857232
906746,1.728567693,2.16275142,2.197184128,1.306094456
906831,1.116973535,1.104251854,1.156789903,1.009710941
906871,1.485634276,1.347237051,1.203490907,0.759306253
907043,1.747924145,1.226937256,2.10709023,1.149079609
907073,-0.340008204,1.381467287,0.752942649,0.913122264
924186,0.51507866,NA,0.388315367,1.583385369
753581,1.144798488,2.15062382,2.129877873,1.49016405
688031,1.714057224,1.867167636,0.877164014,0.635733352
908450,2.196949843,2.333899256,1.83264904,1.24391542
910544,0.163858404,1.271960778,0.22217256,0.153586048
905978,1.500441557,0.930705428,2.178729034,0.921401564
713885,2.007340929,2.02549874,0.935696047,1.392227584
909717,0.536455435,1.563224544,1.167825222,1.524930818
688121,0.43062036,1.949403169,1.878425584,0.988486707
1299075,2.013798169,1.280150973,1.831017809,1.497575439
910921,0.513266701,-1.212858195,1.996910383,0.589751129
910697,2.013928623,2.1770583,1.647527722,1.421431252
910687,0.388456526,1.408948189,-0.024121469,0.744561247
910706,1.575997285,1.30015649,1.029919412,0.797679157
910700,0.562776168,2.259617331,1.75229498,1.006463405
1290769,1.408454689,1.320892109,2.112650528,0.983696449
906813,1.831185826,1.638444936,1.03128152,0.891542852
905970,2.362185979,2.941762387,3.56361039,NA
949157,2.234493467,1.36414202,1.050105335,1.640690429
949155,1.375340658,1.598800341,0.354975427,1.119530824
949168,1.902984032,1.69051567,2.058924055,1.289390576
753584,2.060367001,1.931261088,1.825639479,1.279658986
908158,0.292721561,1.740872638,0.079383909,0.923224976
687799,1.248058526,1.988029932,1.227293967,1.064951009
909248,0.620272829,0.377913337,1.445369111,1.07407328
905965,0.14657585,1.096971028,-0.242022724,0.980648903
909769,1.958669466,2.104080674,2.415002907,1.257080008
905980,1.878683659,1.157880312,2.8071623,1.433563429
910943,2.337128336,2.414942247,3.027897371,1.81444499
1330931,1.760041909,0.926010462,0.561523433,-1.775181609
753583,2.153769484,1.845619957,2.045021665,0.841862794
1240173,0.978217111,-1.103171204,2.160836257,0.56962878
949177,1.825231774,1.526563691,0.664243067,1.237964478
909712,2.011875464,2.027764973,1.63911394,1.225368492
909731,1.149279631,1.673744804,0.93948089,0.15875731
1295740,1.202639429,0.496077855,1.606505743,-2.512330117
949158,1.774443688,0.52210965,0.092202841,1.119344185
949156,0.425945982,1.689385198,0.757181252,1.132863898
1303897,0.720139476,1.995285994,1.424857738,0.920044106
1322224,1.556887659,1.534319686,NA,0.687039065
971777,0.248360012,NA,2.332881802,0.596945372
925345,1.449566836,NA,1.401362033,0.442494066
753612,2.122732422,2.032270097,0.580792186,1.520144101
910935,0.765948839,-0.17768168,-0.822930784,1.063332233
905948,1.674189347,2.136686007,2.686101031,1.823500523
910934,1.193645919,1.895044467,0.260795395,0.584646749
906765,1.653004662,1.638651665,0.310930546,1.349934748
753616,1.943929234,2.046379256,1.677512414,1.086939538
910710,0.059420076,-0.126511489,0.104386558,-2.253983038
910703,2.031815571,1.000351472,1.136971932,1.499005311
910569,1.85156916,1.932111004,1.4279415,0.92436292
906834,0.479356947,2.029871928,1.631487836,1.362962203
753551,2.030551252,2.339422194,1.839658286,1.741103006
1297447,1.816644301,1.859121815,1.29656688,1.056926976
949164,1.565926684,1.898244134,1.054829351,0.777874295
949161,1.562402164,1.47703634,1.11555095,1.461869158
949153,0.622360687,0.060368473,0.624515649,0.37853405
924110,1.895506351,1.214963398,2.643777857,0.85554259
907056,1.41034079,1.052261268,0.763679835,1.341641197
905938,1.35122196,1.852541728,0.789593806,0.573589036
907063,1.721707992,1.719455426,1.100956491,1.338259158
753564,2.059676043,2.00310049,1.02893393,1.426877545
907268,1.6173192,1.425919091,0.566920135,1.248402114
907269,0.905335711,0.132140191,0.65880704,0.915830463
907270,0.320823953,0.532323887,1.08143292,0.511262283
907273,1.355447243,1.541685853,-0.309057323,0.840249802
907274,1.860540256,0.875855898,1.436824997,1.347770577
909976,1.106074904,1.750678235,2.382939173,1.232605188
907280,1.409392527,0.616298391,1.197182142,0.262921119
907313,0.477520852,2.231060105,1.744556879,1.611338868
907311,1.289587336,0.246709517,2.189850162,-2.001393618
924239,1.333472416,1.862892757,0.736130501,0.71937272
907323,0.519780555,0.106412192,2.374674419,0.865576586
907783,1.156613461,1.40974259,0.770348443,-2.755128727
753577,2.110417518,-0.173367925,2.024727948,NA
907787,1.071345459,1.563726283,0.978659766,1.226901299
753588,2.137541715,1.920886924,1.358274003,1.264418517
753589,2.084215189,1.510009904,2.141002471,1.652727767
1330942,2.05155013,1.54200708,2.131199471,1.086449468
908126,1.635168591,0.111733505,0.575196156,-2.274765582
908136,1.455370474,1.281542387,0.764331243,0.818907989
905958,0.856900869,0.758154644,0.426056418,0.556793938
908148,1.529192245,0.601641343,0.31190836,0.794259076
908151,1.250370503,2.014524423,0.148425787,1.147533044
753594,1.926308609,1.963274375,0.61057754,1.001437923
1240182,2.23603088,2.283680245,1.55346877,1.636636392
1240183,1.714373195,2.150318716,2.191350312,1.522234641
1240189,1.52556473,1.912533531,1.492555478,0.753364525
905942,1.437205067,1.485188264,1.564428734,1.086765923
905967,2.025348636,2.148706499,1.825143114,1.712116455
688025,1.892334245,2.080583318,0.874879518,1.155315684
908444,1.415188639,1.590587649,0.939094076,1.294384498
909249,1.776410928,1.856279501,1.065411139,1.175078411
909262,1.737715176,1.834765813,1.394056737,1.372144211
909696,0.885836698,1.35172124,0.305751763,0.94866019
1331025,1.902278862,2.434230077,1.58713794,1.713978906
909701,0.723641177,1.339160634,-0.199990435,1.305940878
684072,1.622030784,1.545082692,1.146354201,1.130706974
910906,1.644109628,1.922220625,0.537254759,0.328853544
1331035,1.437305926,1.536061108,1.462253965,0.83947541
1331040,0.441480524,1.464204887,-0.730187821,0.970625813
909743,1.581559662,1.865468293,0.823492871,1.253044314
909758,1.773815756,1.867155029,1.9681717,1.650496551
946355,1.939522614,2.004719864,0.759435388,1.689110767
909771,1.932829967,1.76510462,0.66806606,1.311289556
946358,0.734290804,1.899607091,-0.098316416,0.328966074
906800,0.329021867,-0.355176901,0.311002701,0.35895385
910933,0.666939849,2.158800349,0.645918085,1.338648964
910705,1.34812633,1.444624679,NA,0.852916021
910919,0.696994473,0.494279904,0.623825471,1.181172778
910568,1.807892786,1.280320863,1.847396308,-0.598847661
910566,1.506174112,1.289865891,0.593377046,1.176893809
753546,2.131749098,1.632165823,2.761222979,1.629012052
753547,1.39943943,1.666081013,0.839367917,0.271611288
753548,0.694053725,1.252774798,1.198084837,0.163531018
946373,0.539769307,1.116056218,1.863976336,1.882946131
906836,1.670010037,1.18490053,NA,1.067989988
906846,1.912966359,1.828815208,0.410242119,1.313553929
906855,1.699226511,0.58649357,1.0122516,-2.364703381
906856,0.359700727,0.252106573,0.087850374,-2.588733292
949166,2.150600223,2.198875998,0.711794681,0.572679081
906870,0.872757653,0.568498965,0.375373224,0.421954562
907044,1.028044307,1.109876732,0.212138582,0.782990289
907170,0.972222393,1.479175037,0.109110941,1.167448127
1327768,0.813073408,0.912179565,1.289610859,1.157590019
907272,1.299936918,1.754038257,1.315917642,0.823799394
907277,1.141875678,-0.126580643,0.594688745,0.881272928
907794,2.205037263,0.575865415,0.410800162,1.487501963
908141,0.882709595,1.613829371,0.492539835,0.767996092
1330950,1.310583773,0.780529712,0.331628648,1.035871626
687997,2.1360808,2.117224152,1.706849608,1.166016101
688007,2.219538762,2.269979521,1.377163448,1.621454543
908480,2.10959536,2.279699119,1.72703988,1.038482651
1298352,1.647715465,2.178812827,1.05223627,1.515255419
908448,0.223534766,0.565880494,0.033794027,0.021562302
1330987,1.547998718,0.356758076,0.516092253,0.557851893
909260,1.851222136,1.934822615,1.132359425,1.25976301
910546,1.77180583,0.531345637,-0.084162123,0.988153295
910545,0.536005019,0.509068411,0.414398354,1.329439649
909697,0.95916045,1.726969757,0.568266674,1.495268027
1331037,1.347815213,1.024443749,0.881196222,0.613306168
1331039,0.46905701,1.884774614,0.449959743,1.110746115
753614,1.982148709,1.845307252,1.058955919,1.573930584
909777,1.519895879,1.8791253,1.23723277,0.979410553
905977,1.085790732,-1.456869331,1.730623863,1.523936133
910688,0.793684838,1.283948601,0.36767967,1.195406845
753552,1.826243894,2.060825011,2.099169312,0.674144718
906844,0.755434928,-1.842140305,0.627669455,0.243912634
906847,2.154878346,1.909688811,1.787280043,1.604606049
906875,0.684983729,2.013761741,0.368791608,1.496689787
924188,0.973607899,1.372303883,1.634112433,1.6834041
907300,1.728170232,1.942733664,1.290559883,1.25414623
925343,0.456804302,2.017581453,2.152482302,1.535897392
1330947,1.082315749,0.380256214,-0.089202133,1.059807041
908147,0.27815197,-0.204536426,NA,0.600314617
908150,2.300196626,2.171526023,2.689349993,0.904196317
908156,-0.13033299,0.588585578,-0.501717672,0.442754797
688013,1.48551187,NA,2.449606139,0.66112844
908446,1.747674867,1.674280076,2.174119387,1.230854072
910947,0.610082196,0.643600722,-0.270268731,0.92830965
1330985,1.521931756,1.700602208,0.960677711,1.011101724
909252,0.761183416,NA,0.580278537,0.83439155
909253,1.66045476,1.315110229,1.754632479,1.030744005
910401,1.111296245,1.8526765,1.357904008,0.202094701
905964,1.574165351,1.31378637,-0.024028954,0.353121335
905984,1.679881465,1.83212174,1.178712265,1.226850315
1331034,1.290822484,-0.170296987,0.852214132,0.8224528
687590,2.175555714,1.550576815,1.649571506,1.627854927
909785,1.314659338,0.774373197,1.490590231,0.662996118
753532,0.928235039,-0.038035002,2.928513664,1.77362852
905952,1.059553697,0.956492897,1.008108594,0.371899195
910937,1.89744996,1.529330022,1.734887693,1.299624635
906808,2.305985393,2.30139652,2.438796332,1.136348327
749711,1.658453608,1.818797778,1.953268411,1.239399736
905972,1.866815867,1.966473463,0.804782342,1.3677384
1330935,1.824371555,1.76209941,1.782612912,1.222311563
907799,1.294232613,1.391600951,0.789536589,0.693171315
688001,2.054910868,0.007576023,1.587022303,1.076109446
1331049,1.49489253,1.742553333,0.097999088,1.067723599
724859,1.415840713,0.341344362,1.124873846,1.591567138
753558,0.304698909,0.672605016,2.592996634,NA
907050,1.878622251,0.644118868,1.030865192,NA
907789,1.095162169,1.391037082,1.111348062,1.026105589
949178,1.947819034,NA,2.480946739,1.177220515
688027,2.193776429,2.007168061,2.79586029,1.591740307
906812,2.021650829,2.106217389,1.293977781,1.298194417
949088,0.634013182,1.884107617,0.947912571,1.123282256
910932,1.314329588,1.062664423,1.889341066,1.39488144
713878,1.658877065,2.26302254,1.820744445,0.987097815
1330982,0.949784732,1.775990978,0.165369547,1.05039634
907314,2.064201702,2.178871573,2.364704977,1.448866356
949154,2.141648866,1.999393872,2.159355055,NA
687807,2.007552931,2.037895768,1.834635701,1.761848151
909711,2.022631817,NA,2.824985556,1.618452564
688087,1.884268753,1.382996125,2.235957205,1.481305548
924238,0.186353052,-1.745780057,1.727096568,1.285392558
908447,0.693914084,NA,0.869041516,1.529973879
753615,1.951798214,1.170307585,NA,1.606034689
906832,1.118552049,0.962106993,1.387347812,0.570534643
910942,0.105409321,NA,0.02747878,1.049982414
949173,1.88062411,NA,1.591661903,1.497420373
909732,1.566430412,1.461706965,2.287528568,0.946509412
908152,0.276274199,NA,2.445637591,0.786985351
909759,0.579566306,-0.960753315,1.34105819,1.4148077
1327771,1.476139682,0.684923159,0.556400689,-2.705136189
949179,1.185835438,2.151172273,1.731149927,1.468136246
910779,2.185768113,0.903973196,1.466216648,NA
925339,0.895541824,-1.805742054,1.774113682,1.00109668
909740,1.497594358,2.149369358,0.869890815,1.693107869
906841,1.847329144,2.018177232,2.029323499,1.024855642
1327775,1.800599688,1.044427296,0.72768495,1.074525504
1330933,0.610528809,1.734218655,0.330631878,0.938494699
909974,1.326291357,2.389137781,2.090156816,2.035419096
924247,0.522865729,1.655416439,1.063010563,1.103217733
924187,2.435492677,1.664630249,1.8870814,1.954051722
753578,NA,0.004525339,2.423399884,-0.149693724
907792,NA,1.966032606,2.495501561,1.646940727
753531,1.062444147,NA,NA,0.954108744
946370,0.948600629,2.214917109,2.301446551,1.20713402
753565,2.05574908,1.674458377,2.522586892,1.017647217
908454,NA,1.586687825,1.773540802,1.329419565
1330995,0.973998413,1.619009391,1.300575333,1.297947045
946354,1.382353908,1.676534055,1.837971023,1.004242653
910567,0.681385801,2.037424346,0.193360674,1.487506841
753549,2.239643654,2.312792324,2.881754807,1.686282686
724866,1.671918128,2.064494378,2.455345776,NA
908452,NA,1.680123363,2.195862793,1.638000107
909703,0.347752465,1.468008823,0.294048515,NA
1331045,1.921540317,1.72090301,1.076499527,1.104039485
1331048,0.75507913,1.640885273,0.444833947,0.754884216
753533,NA,NA,2.107271438,0.672506144
905974,0.549037274,-1.437623323,1.538985175,NA
688086,NA,NA,1.109013927,1.293182618
1240221,1.765984967,1.351227072,1.233920353,NA
753622,1.885546418,1.740329967,1.437718014,NA
908440,0.444464561,NA,1.360447609,1.136860185
1330991,NA,1.734623928,1.583865876,1.06474398
907788,0.439480016,1.166632995,1.100916584,NA
949174,2.089094346,2.120743317,1.220411734,NA
946367,0.612712759,1.736871185,2.593259741,1.74880218
753585,0.683141813,NA,2.610677845,NA
910911,1.724417229,1.269020292,1.604716846,NA
908471,NA,1.432292139,2.16935585,1.072464073
908458,NA,1.728913558,1.940113405,-0.114156599
684055,0.771508298,0.760578648,1.624457982,NA
908473,NA,1.058966791,2.028187858,1.35933814
1303900,1.576789818,2.115371799,1.875310331,1.230896211
753596,1.491201791,-0.989534587,1.12741098,NA
949172,1.231017996,0.768285283,1.329766789,1.676045506
688018,2.223221739,2.076692171,1.820871958,1.621402933
1331038,1.891944272,1.860094251,1.154224533,NA
1327769,0.678548113,1.567225304,-0.61904005,1.385815248
907786,1.670976028,1.709053211,0.772926286,NA
907175,0.867554422,1.605218695,1.889109961,NA
907278,1.504407676,0.704585598,1.387667732,NA
907067,0.44953323,-1.029905547,0.988849825,NA
908461,2.292810499,1.134047648,NA,1.017747107
906869,2.033122583,NA,1.840133769,1.455715516
1247871,0.075114652,NA,0.22102651,-1.506061544
753605,1.661144575,NA,1.528305784,1.300968723
688026,1.514663233,NA,1.703412989,0.694776313
906798,1.172191945,1.757539976,1.807377011,1.063767971
905949,0.660216366,0.915715297,NA,1.515754677
906801,2.321964,2.316771944,2.314999602,1.58893871
906830,0.696546072,-1.722412025,2.33549074,0.656891107
687777,1.929664676,2.242889823,2.93478803,1.562654001
687780,1.103159451,1.350126684,0.196894446,1.382826094
946369,1.933790686,2.195315835,2.614962895,1.659913215
949160,0.953556342,1.777089849,0.585007205,1.069731811
1240134,2.114362529,1.513969804,2.732455146,1.563688399
907046,1.575343556,1.821641699,2.238531761,1.634465667
749717,2.134999708,2.192009672,0.950771885,1.544440115
907051,1.263689876,1.952135819,2.617972497,0.675292899
905939,2.033870096,0.568173861,0.636505149,1.313155861
1298160,1.683930308,-1.416882021,2.758828506,1.250483756
1298167,1.854228731,0.413029847,2.219314513,0.755542121
1298222,1.930442375,1.625529123,1.437007102,1.32801721
908134,1.862526424,1.834537096,0.799898284,0.745744631
1298348,2.149961188,1.647550143,2.606071259,1.619136953
687798,2.134500371,2.365191252,2.641751593,1.723413156
910900,2.008461904,1.521478133,2.317652408,1.391079734
908476,2.348911583,1.06316023,2.521934262,0.776276582
687820,1.993464108,1.262903644,2.176261976,1.657109994
909749,1.923237668,0.971941572,2.082763308,1.427668631
905962,1.85813006,1.331574842,1.409029083,1.167596924
924100,1.043770061,1.554182904,0.26050481,1.583408998
906795,2.354653746,-0.409840854,2.956713737,1.745615222
906804,1.509378118,1.622129529,0.293755538,1.303958312
906793,0.257387327,-1.734603436,1.221347663,0.640501024
910920,1.544686266,1.359201691,NA,NA
949093,2.249545252,2.82311934,1.245708373,2.235047754
753540,1.6157106,1.246832746,0.652293573,1.462280057
910915,2.2608447,1.881973867,2.70854261,1.706251517
1240123,0.239103987,1.950052422,0.8641679,1.404448614
1290768,2.115578665,0.907743744,2.727681707,1.502977038
1290795,1.972720964,2.177761648,1.229489158,1.54110316
906864,1.885939806,1.863973467,2.779762303,1.574583701
1240132,1.873043955,2.290700921,1.630563057,1.269165421
749712,2.13204495,1.804500489,2.555287951,1.385595827
1290905,2.138856686,1.716253914,2.514395001,1.629034331
749714,1.770636223,2.257535686,1.984491803,0.968856848
749709,1.150363739,2.183916514,2.083952551,1.425182264
1240150,1.553259683,2.11411991,2.455551715,1.241691146
907065,1.193708067,1.955416261,2.381900153,1.659296044
907071,1.884391663,0.89412039,2.487821364,1.177113361
907072,1.667411659,1.694695296,2.432716945,0.680626406
907176,1.118037947,1.833145331,2.542244101,1.28706097
1298151,1.233926305,2.000155858,1.233102459,1.403214037
1240166,0.654064024,1.622115878,2.087277411,0.941761759
908130,0.893861837,1.317176266,2.220886565,1.030641839
924250,2.348126254,1.606157598,NA,1.597294588
908475,1.931678568,1.217162725,2.703060099,1.046316843
1298351,1.486281222,1.920222593,1.082141139,1.448368667
724874,2.449723486,1.049264031,3.1258481,1.908252166
905943,0.66270679,1.65082681,2.33056572,1.224676876
905991,1.814380223,1.933431072,0.310639947,1.183480765
910931,2.069424962,1.410229707,2.350569141,1.467098832
930083,1.300088599,1.501628075,2.555388269,1.587704286
909724,2.158617438,-0.97694432,1.827493022,1.12108587
909728,1.652756194,NA,1.779227609,1.413254229
717431,0.275693758,1.828826327,1.659441391,1.059587479
910851,0.908073661,1.297826315,1.432056467,0.645597583
906696,1.050249913,-1.474731237,1.298617962,-0.272208643
1290724,1.604067831,1.746841811,2.574198622,1.577203366
753545,0.477766975,-1.648476698,2.046196277,1.090184026
906835,0.424565932,-0.62024434,1.738349063,1.036220671
1290808,0.810962454,0.813689167,2.469793015,1.301633014
1240138,1.275830132,1.625921782,2.659486309,1.588013839
1240142,1.757011413,2.128600162,1.053476966,0.815735957
907045,2.184115588,1.497968007,2.743930259,1.282432458
907289,1.977084372,1.461796744,2.257629998,1.378152676
1298146,2.111535926,2.272242219,2.935497663,1.375189746
1240162,1.661906436,1.367365738,2.776792251,1.082328821
687787,1.952858473,1.92165902,0.813333776,1.324135583
998189,0.899679525,1.974274908,1.632471589,1.53899501
908127,0.946163893,1.209363899,2.418338848,1.227620974
753600,1.084075538,1.749304464,2.56022614,1.676034397
1298350,2.090897175,2.008453199,2.072239467,1.488937154
724868,1.800971592,NA,2.223893165,0.968278899
1240185,1.129447007,2.026084605,0.850650482,1.488947443
724834,0.867745641,0.771251293,1.454620698,1.434769978
722066,2.145099969,1.137771233,1.728390098,1.387938362
910849,1.520413968,1.957090732,2.106363191,1.335718577
1298365,0.52460715,0.864039315,1.762233118,0.902695414
753608,1.786320825,1.80649851,1.18396812,1.204464246
909706,0.757239453,-0.374097353,1.249208706,0.944749927
909716,1.770573295,1.893962817,2.292748921,1.461827603
724878,1.340914724,1.444561556,2.953657015,1.327086491
909757,2.411595901,2.596405508,0.922091133,1.781519097
905976,1.011127959,-1.511032582,2.411639869,1.259585261
909781,2.009530318,0.982957359,2.398608312,1.559224436
909784,0.746981633,NA,1.594468981,1.025797845
1290722,2.066262452,1.100430581,2.667244292,0.852711727
910916,1.982168447,1.280917568,0.35284389,0.862724975
1290798,1.497790187,1.627198357,1.94530228,NA
907000,1.618468832,1.925769093,0.871911623,1.284760981
907299,0.600682635,1.143656415,0.414575726,1.270623696
1290810,2.246581687,0.898993663,2.776793588,1.557296268
1290907,1.224160917,2.009908932,1.085327573,1.483001349
907055,1.386871569,1.418575289,1.437208582,0.790496479
1298144,0.797652102,NA,2.462429705,0.895302487
907317,1.511937428,2.076998809,1.142431919,0.952812443
1240167,1.872557119,NA,1.821088791,1.445529064
1298226,2.097903905,0.526504613,2.278947924,1.553499566
908129,2.318310298,2.310571805,1.545137688,1.716250307
908144,2.154516677,2.061935795,1.532115526,0.7066995
1240198,0.555106454,1.963674752,1.458107654,NA
1298475,2.157179198,1.015856539,0.961275963,1.386943556
909263,2.088416973,1.246374837,2.101962083,1.56027961
1298538,1.572630274,2.339177482,1.969345939,1.171359689
687455,2.130412008,1.270669242,1.338027862,1.319309853
909761,2.129804343,2.031791349,1.248778267,1.527744352
1299078,1.25478916,0.812647935,0.69609183,1.4468383
1287706,1.51869307,-1.555994744,2.02265626,1.079392158
906828,1.94254985,0.820043651,1.582342914,0.602316519
924108,2.394944453,2.505109282,2.136151619,1.662575857
1303912,0.934247951,NA,2.367477606,1.588725296
1240127,2.380396222,2.408690222,1.578835229,NA
1240140,1.706692646,1.876750976,0.848353775,NA
1240143,2.070530848,1.484657824,2.283434551,0.786070952
905936,0.495145141,0.580799668,0.431835846,0.772566842
905957,2.133724472,2.203371605,2.756368044,NA
1298141,1.807611062,1.180961962,2.763766419,NA
1240154,0.5031185,-1.254601371,NA,0.839554394
1298157,1.632999126,0.914903297,1.878948123,NA
907312,1.962606911,0.118303657,2.474615407,1.410795997
949094,1.872125036,1.981700086,1.407472504,1.508802152
908123,1.960093341,1.794861254,1.307161833,1.096834335
1330960,0.526666869,NA,0.291292943,-1.567010224
1298349,2.033402139,2.236103189,2.289230323,1.594877428
1240192,2.060313713,1.521465029,1.736854502,1.391772781
1298529,1.646265576,2.087362988,2.674350787,0.895728941
1298537,1.995550139,2.049193872,2.307155499,NA
1240222,0.346873346,NA,2.183905227,0.824072527
930299,1.091643386,1.521127185,2.975993884,1.510869966
1299080,0.396025604,-1.628105146,0.837101899,1.070434137
910702,1.004854234,0.617106587,2.118244499,1.773509105
753562,1.87537692,1.973283295,2.484829562,1.250657178
925341,1.962942934,2.016774782,0.397361583,1.352109964
1298357,1.135339889,2.094101497,1.193392306,1.440956425
1298359,1.237107764,1.912137135,2.065826174,0.852899518
1298531,1.4698412,NA,0.311687801,NA
1298539,1.592846386,0.462481125,2.18418491,NA
753610,0.768084035,1.299648209,0.305822437,NA
905985,1.435062552,1.69002621,1.730885371,NA
1240215,1.604647521,1.608408644,1.803878982,0.359233331
1299070,1.564483121,0.934256385,1.256942309,1.33195032
1240223,1.726476351,1.636902663,1.30343311,1.158767216
909774,1.824232785,0.618293662,1.859590165,NA
1290765,2.230151071,1.866496384,1.811020896,1.665144977
905937,2.134244103,1.506191612,0.644475782,1.534458334
907285,2.192250904,2.130618858,1.001962735,1.637947388
1298169,1.594743306,1.362405101,2.359555401,1.240444898
1298223,1.405738809,2.291055881,2.286590499,NA
946361,1.953619114,1.272926146,0.3840622,1.152671535
908145,1.213724185,NA,0.985378577,0.685250317
1240206,1.418458375,1.983368083,1.313042658,NA
1298533,2.104203871,1.247048176,2.150647571,NA
909735,0.536079948,-0.617925899,1.595584934,0.869033989
1299062,2.12751846,1.283794728,1.733727186,NA
909750,1.919393922,1.994447732,2.315252274,1.323782852
687452,1.821380954,1.752117255,1.375681653,1.283964413
924102,1.563938638,0.796006514,1.062991198,0.714049354
1240122,1.77373046,1.514976979,1.704921644,1.214253916
753538,1.492935639,1.450314096,1.396148397,1.102684843
906826,1.563763406,0.621623792,1.554815556,1.510402269
924107,1.905893393,1.393551695,0.527023651,1.229929811
910927,0.856351397,0.724064599,1.627484868,1.026335676
906827,1.701805074,1.34773225,2.852327382,1.578210135
910853,1.752593198,-0.03119573,1.730021088,1.314062144
910689,1.12011315,1.874009801,2.521599163,1.691590716
906817,1.565254499,2.206588098,2.579494119,1.683050767
1240125,1.578641718,-0.98949731,2.655676001,1.46760785
906837,1.986377378,1.618347837,2.263575403,0.996267407
906852,1.782174729,0.820712088,0.808950633,1.52398779
906853,1.288572648,1.478206269,2.362156994,1.396510379
1290813,0.441193317,1.642147957,2.306482267,0.906963236
1240145,1.535798664,1.833240133,0.478919322,1.070649601
1290922,2.250524299,2.05371449,1.069766907,1.671818244
753561,1.973981503,1.536603727,1.547805487,0.912164248
1240149,0.321413956,-0.140920388,0.753073155,0.697934794
907069,1.369269619,0.199156125,0.748967318,1.224690294
1240157,2.119906378,1.75330853,1.219543292,1.5312703
753575,2.159168075,2.412478269,2.290180458,0.64356211
1240169,1.895923464,1.716144797,2.182683455,1.328363296
905946,0.747738045,1.315884067,2.677521523,1.30561677
908125,0.465849351,1.297890872,0.53927502,1.423754202
1298347,1.876505205,2.038062158,2.388233411,1.109550325
687794,1.593759887,2.115567947,1.952673113,1.370947185
687802,1.840840527,2.05227323,2.9878186,0.855288126
687821,1.778938259,1.227786013,2.398150404,1.259737064
908462,2.262344497,0.904128342,2.278450558,1.652905559
908470,0.741042425,1.014097041,1.811420595,1.216191314
908443,1.906995756,2.150370209,0.560867704,1.499943443
908459,2.355841151,2.331460675,1.29353473,1.75378116
724855,2.417002791,1.459809649,2.500113169,1.845243148
1240196,1.654876002,1.740725101,1.642294448,1.279287235
909251,1.599705867,1.723964236,0.743580763,0.984250926
1240204,2.060412887,2.063146061,2.594085777,1.402688798
1240207,1.542416814,1.758351057,1.747038279,1.195949292
909708,1.534613143,1.686060253,1.314366598,1.335110022
910701,2.140097385,1.622674587,1.407831906,1.535432426
909709,2.119887075,2.179789143,1.452364843,1.681622614
724828,2.199403092,1.584477246,1.807252425,1.303267421
909736,2.169282704,2.170363688,2.045621492,1.546500755
1240219,0.986967719,1.035258185,0.676525871,1.427080739
909747,1.686791036,1.469305418,2.285710706,1.708829705
909751,1.142242412,1.558977107,1.084537978,1.347170335
905945,1.781956692,1.814497461,1.376779001,1.892693391
909778,1.747268581,2.4465671,1.93527442,1.519789509
909904,2.273644784,0.901926463,2.028423327,1.713904063
909907,2.462258802,2.292425017,NA,2.07923214
687561,1.876237401,1.897715307,0.96060112,0.653827748
910925,1.856079215,NA,0.768980844,1.162571004
905951,2.390083289,2.003259076,NA,1.603940814
906693,2.013780791,1.542888735,1.109705139,1.544414378
910850,1.643185488,1.607623856,2.707012824,1.547221761
1290730,1.224771958,1.211020763,1.858088277,1.442198461
910852,1.903204913,2.189877459,1.117362366,0.926058795
906824,1.940678872,1.631405426,1.224861917,0.812493976
906821,1.465632933,0.945878045,1.826385088,1.29194232
1290767,1.353316136,0.993129805,2.57853829,NA
906839,0.598246845,1.930118927,2.389068128,1.441287537
911905,1.686222055,2.200056267,1.658151251,1.853883128
1290806,2.012490286,0.913911727,2.349006561,1.011932368
1240129,1.91098873,2.007100396,2.962736205,1.618126552
1290809,0.711054595,1.766074069,2.451592216,1.714156654
907059,1.893986989,1.337490865,2.270017054,1.018813019
907060,1.208258394,1.446068544,1.703954822,0.452289139
909977,2.361935905,2.077795494,2.065764875,1.32342064
907171,1.999646607,NA,0.385142519,1.397574171
1240160,1.948027869,0.916144358,1.740652697,1.129241412
1298215,1.25785515,1.142965447,2.473903225,1.37467114
1298218,1.647654269,1.432063514,2.440578806,1.503101695
1298219,2.24911516,1.035108949,1.547222031,1.650229935
907320,1.930326071,1.880809197,0.310614027,1.326448497
713899,1.770558954,1.845733249,1.575632299,0.714425562
905960,1.915575447,1.405564746,2.081062121,1.164920056
908121,1.726857244,1.966928705,2.38278713,1.124257787
687514,1.693130033,1.497683532,1.789962336,1.188934778
908135,0.586148357,NA,0.161933874,1.226903338
908474,1.190266457,1.714139056,2.457194333,0.291905434
724873,1.786904671,1.879540935,1.853883219,1.254067293
1298356,2.284493125,2.328647655,2.930953642,1.535188642
687829,1.539557102,1.59052274,2.092911965,1.233787809
910079,2.193673799,1.960090527,2.261611152,1.578687773
910549,2.175260626,2.101168487,1.895433942,1.596058513
1240197,1.865359078,-1.594860324,2.104134813,0.705320392
1240200,0.962372189,2.229691327,0.790338198,1.628331936
925346,1.80618555,1.709029362,0.560500562,1.100509253
1298526,2.12584946,1.50971572,1.187219908,1.55551947
1240202,2.226789068,2.200926763,1.338871379,1.761997527
909700,0.924896667,1.49064296,1.377235805,1.513550707
713880,1.615057451,1.662121467,1.531208047,0.773965923
930298,2.442173201,2.225644451,3.044124462,1.840113209
909738,2.138375879,1.807415262,1.867047325,1.568693842
687457,0.433879232,1.828259096,2.493536711,1.547901016
687586,1.642046189,1.946381873,1.967009384,0.365230659
909770,1.929678624,1.574173121,1.7925267,1.323178126
687588,2.068788137,1.621188843,2.857578116,1.318629039
1299081,0.666196227,NA,1.962887667,0.987598578
906797,2.014334322,1.988197115,1.392536781,1.432047928
910926,1.707350702,0.642999105,1.516357763,1.062730433
687505,1.997196768,1.248242892,1.049382095,1.395136777
753541,1.224427522,NA,0.880967779,0.561720438
905961,1.308315947,NA,0.693652434,1.016530965
906818,0.88872798,-1.386562002,1.639697565,0.735649055
906843,1.773222114,1.780122082,1.968688227,1.023911657
905935,1.847269223,1.304111918,2.052971312,1.143147802
753554,1.782854298,NA,2.355100233,1.380289662
906848,1.248056976,1.873469952,1.516901744,0.591694161
907298,0.676725649,0.945749812,0.694226395,0.53098753
1247873,1.755212839,1.628656003,2.622340018,1.644984364
749710,2.107111385,2.362308585,3.002515305,1.8025664
1290908,1.909962937,2.231181939,1.907011592,1.154227187
907321,1.765115849,1.74357606,1.284874908,0.99606803
1240168,1.756594139,1.770212883,2.263553691,1.154619525
1240170,2.019479565,1.644719739,1.573498704,1.425656471
924240,2.42826907,2.176049015,2.98466318,1.841791476
687995,1.874164134,1.939792006,1.416799326,1.198597189
1240199,2.650115566,2.481739347,3.246952713,2.137959206
909707,2.445061982,2.475285606,3.092132723,1.887422631
909719,0.54097569,NA,1.872457986,1.333387207
905959,2.198001665,1.220838472,1.327646729,1.661206446
1331036,0.436988717,-0.011840447,0.787262958,0.403346895
909753,2.230022979,2.023446399,1.276278912,NA
909756,NA,-1.04203361,2.00143116,NA
1299064,1.955832833,1.251189068,2.09822853,0.703899878
910924,1.262331909,2.027335532,0.598026137,1.467232724
1240121,1.757302215,1.820846526,1.657659989,0.398134307
906823,0.566305872,2.132449828,2.65275828,1.379936954
906820,0.146460156,1.563167973,1.019589378,0.614611294
906865,0.917563473,-1.393715694,1.309829123,1.362811981
1240146,1.265333618,1.98836408,2.384820055,0.943943426
907290,0.714191903,0.865156605,1.571746164,NA
907064,0.653741516,NA,2.019780092,0.442136524
907068,2.050391086,2.038368469,1.507811544,1.190767187
1240153,1.853762643,-1.954588841,2.423009365,0.738239417
905968,1.271407993,1.776160534,NA,1.794834685
1240158,1.877454027,1.115303325,1.664758272,1.31824952
1240218,1.800817366,2.123139252,1.583203762,1.541910831
907042,0.049356984,1.431294219,2.093712832,0.867649223
907066,2.031002471,1.522608044,2.886721534,1.069398585
753586,0.899732575,2.003946096,1.196735542,0.494560486
907790,0.814606187,0.814044191,0.57823516,1.048144299
908118,1.163100738,1.58764935,0.720519004,0.893342459
1240172,1.825483648,1.993145713,1.71951573,NA
908124,0.764810072,-1.754018211,NA,1.349113359
1298353,2.404102936,2.462771394,2.508945327,1.63911342
687819,1.930088367,2.220145542,2.47872262,1.196990991
910548,1.586332347,1.03111395,2.138451668,NA
905969,2.069035552,1.522914511,1.405900465,NA
1240210,0.96117026,1.858221478,1.495948709,1.068333391
909726,1.427429124,1.398198169,1.385263594,1.397490544
1299069,2.094697838,2.137646685,2.156058966,1.483846158
687592,1.66225252,1.88461815,1.749793283,1.059269733
1240141,NA,1.914061549,2.577330164,1.761346299
908122,2.160012912,1.988668661,0.824533698,1.575575779
1240187,1.396658309,1.641890045,1.869580855,1.116243148
908465,0.774319581,NA,1.051348249,1.183800837
1299059,1.799989266,2.186716775,1.699704738,NA
1240216,2.026178061,1.223088718,2.10020685,1.060518409
910936,1.356185128,1.164559079,2.951127344,1.257506451
1298134,1.988058355,2.035280838,1.861905533,1.060996731
1330941,1.526669155,1.550159887,2.582069535,1.642348231
1240179,1.950658302,2.001785386,2.1376507,NA
909737,2.186780511,1.865986,0.961842878,NA
909744,1.760656285,1.362467157,2.666855447,0.937684721
1290807,2.22121714,0.347878877,2.729753329,1.478267089
1240147,2.004437874,1.279655474,1.63820614,NA
930297,2.295959176,2.266477227,2.89608196,1.696479642
910694,1.973539641,2.236113417,2.652714163,1.755828545
910399,2.089993123,1.927893943,1.216781456,NA
724839,2.194273776,2.15244076,2.035569476,1.658837602
907053,NA,1.303843713,0.040160652,NA
907173,NA,2.045838054,1.642444571,NA
753582,2.174725797,2.193489293,1.952426262,1.572665805
949175,0.762482137,2.237486645,0.000175172,0.990690957
687448,NA,-0.961286284,2.593489534,NA
687985,1.854468744,NA,1.241235241,1.393280256
907271,NA,2.031931155,1.584763867,NA
687506,2.150581723,NA,2.206016723,1.548683825
1322218,NA,1.272445103,0.749006075,NA
907286,2.054159291,NA,0.263077809,1.446753448
753574,1.594782622,NA,1.338914252,1.260044566
1240212,1.960281381,1.302367159,1.255843943,NA
910704,2.057997933,NA,2.035649072,1.389573993
753624,2.16314331,NA,0.95084601,1.290890564
906863,1.774802472,NA,2.048119744,1.380073576
907169,1.017367985,NA,0.983602514,1.24009869
910903,1.733746341,NA,1.40875447,1.353334362
1290797,1.874926219,NA,1.716615418,1.276829484
906873,1.964633341,NA,2.513041647,1.435529103
1298168,0.997740351,NA,2.464194003,1.545828265
1298476,2.141735463,NA,2.252575057,1.582901009
905971,NA,NA,0.996121014,1.348060095
907287,2.143659598,NA,2.512113057,NA
908131,2.198893093,NA,1.502917667,1.249418443
1240190,2.01465171,1.653791082,0.712557668,1.342580722
1240191,1.978592579,0.492192865,1.320678964,1.335823105
949090,2.471734993,2.433768089,NA,1.912300173
683667,1.342019149,NA,1.638246489,0.745224001
724870,2.005534608,1.391678693,2.485949851,0.618560102
930082,NA,1.548090927,1.480103269,1.411002604
910904,NA,1.673274453,2.354918401,1.218388955
907295,NA,1.697583502,2.727304661,1.586378622
753556,NA,1.359046048,0.713448888,1.509723035
1327774,1.451639907,1.683781536,NA,0.425561341
908120,NA,1.927774201,2.762273605,NA
1290812,NA,2.02858384,2.531078221,1.660461316
905933,1.314181293,2.182970748,2.79825359,NA
909718,0.856674151,1.335846638,1.052505592,NA
909721,1.251700986,1.218253151,2.008345858,NA
1240226,NA,-0.331674871,2.613781393,0.698832233
684052,1.782586201,0.48851786,2.044656712,NA
1240131,0.497677092,1.400763397,2.029668156,NA
722046,NA,NA,1.841601847,1.219842822
753604,NA,0.987887683,0.448241912,0.83388692
908460,NA,NA,2.599516816,1.853643777
1298358,0.574993106,1.844484949,1.968617166,1.613567181
1299050,1.541718668,0.922538787,2.329116391,0.305551748
1240161,1.426168877,NA,0.01408927,NA
907281,NA,NA,1.275520424,0.638458
908139,1.952146187,NA,0.85328904,1.317861626
906791,NA,1.444846699,1.431744074,1.535948717
906790,0.321398655,NA,1.73130919,1.067453515
907062,NA,0.754191726,0.725954562,1.28191617
753573,2.158354801,NA,2.710577165,1.223465279
908482,1.87513462,1.609154047,1.259295922,0.858593165
909776,NA,2.049169474,0.610861149,1.099383877
1240174,1.370419926,1.964336265,2.448325348,NA
905950,NA,0.312751733,1.756322212,0.777100928
905963,NA,1.225169626,1.52711566,1.709960894
905973,NA,1.73753272,2.707004142,1.537924295
688011,NA,2.073388383,1.665956115,0.641246539
1240201,NA,1.217180896,1.447071639,0.888721979
910907,NA,2.18861322,2.107835265,1.141585515
909779,NA,1.480182207,1.617659997,1.257702914
724838,NA,1.417665492,1.004967332,1.037690544
930301,NA,1.609882161,2.025971847,1.537718262
1240159,NA,1.924127437,2.173560313,1.440150119
753576,NA,2.194933383,1.786638768,1.551035341
905975,NA,-1.546380174,1.689820369,1.490855302
908128,NA,1.298537966,2.280698339,1.557625758
925340,NA,1.67766966,1.354227257,1.517601494
925347,NA,2.369408802,1.584386197,1.632910466
905983,NA,1.663704166,1.24421146,1.334819949
905947,1.439689299,1.439532272,0.54211437,NA
910781,NA,1.31227199,2.5442933,1.298903118
753535,1.720444751,1.909924415,1.535960176,NA
910952,0.622950724,1.825049086,2.792010452,NA
906868,1.959498714,1.616690768,1.249493478,NA
907048,NA,2.07736504,0.560216607,0.658193809
907057,1.244158903,1.949066803,1.628447673,NA
925338,1.345860127,1.929674584,1.644780093,NA
687800,NA,NA,NA,NA
687812,1.158208486,1.879962602,0.936248244,NA
905944,1.774928368,1.761652991,2.44932835,NA
905934,1.666700769,2.289029674,1.142729045,NA
905954,1.726514751,-1.394362391,2.147287687,NA
910695,NA,2.036190329,2.319711076,NA
924104,1.512702439,-0.682521766,1.105575903,NA
687596,1.433815573,2.016406781,1.907307823,NA
906833,NA,1.857379633,0.976314625,1.048200454
906851,NA,2.481320199,2.1279077,1.829351912
907058,NA,0.551975924,1.540537147,0.880177263
908455,1.535356316,1.431423756,1.838398398,NA
946360,1.642405155,2.336599302,2.249389766,NA
1298362,1.503655678,1.784246555,2.226850006,NA
925348,1.99824365,1.907428025,0.923177404,NA
687459,1.861889158,2.200261669,2.035143477,NA
924105,1.296600549,1.739461931,1.049604974,NA
907047,1.574124587,1.500426836,0.6860262,NA
909725,NA,-1.119401465,1.734636268,1.568558695
1240130,NA,-2.029292718,2.567822217,NA
1240151,2.306565396,1.998032927,1.941062179,1.231215954
724879,0.828959345,2.115025389,1.585184896,NA
722045,1.452721585,1.444355162,1.400289321,NA
908138,1.672748122,1.745309819,1.466354384,NA
905981,1.248102842,0.66125328,1.409000565,NA
1287381,2.139981751,NA,1.637688196,1.581751134
909255,0.346365491,NA,0.181533026,1.004328121
1290906,2.426290239,2.319794452,1.871053888,1.827374329
724831,NA,0.888694061,1.894986374,NA
1240139,0.541222267,1.12574447,NA,1.306953629
688058,1.393693478,NA,2.06584366,1.713613919
906792,NA,NA,2.406329069,1.198900375
908146,1.095908115,0.360123902,1.663247718,1.02126693
687563,0.430286094,1.296934145,1.472895302,NA
753539,1.284416164,1.59606832,0.262203733,1.286104435
1503366,1.962667015,2.022966065,0.422516876,1.343951066
1503368,1.802182914,2.004371771,1.340335298,1.164808103
909257,1.81162025,0.947399425,0.331335668,1.209560259
1240209,1.850449089,2.168217482,1.374097756,NA
909699,NA,0.984777514,1.889485745,NA
946372,1.935467302,2.209900797,1.402602897,0.652111121
1298534,2.500913078,2.604687959,1.352282158,2.016846838
909729,1.996094593,1.677863351,1.810749821,0.743902434
1660034,0.907263289,1.188828736,0.562256587,1.101705281
1660036,2.030276326,2.424854663,0.671802537,0.052828295
1674021,2.174252827,0.659742517,1.538503209,1.283303273
909905,1.73172093,1.30451368,2.523439395,1.201113331
1503362,1.781522038,1.820522467,1.616838922,1.125908967
1480362,1.859767694,1.758689609,1.21416799,1.345696484
1480364,2.386578788,1.501864557,2.126110723,1.59260541
1480371,0.551810232,1.845123196,0.902088896,1.044755808
905956,0.837075229,-0.610559327,2.179374849,0.801195371
1479987,0.936604275,-0.027775235,1.139212296,1.581341839
1503361,2.220864091,0.844585013,1.231727016,1.709756287
1480358,2.374361648,2.397084908,2.216739058,NA
1509074,1.913768629,1.556220185,2.454024895,1.650767497
1480361,2.03381709,2.293698357,1.925809639,NA
1480372,2.072929154,1.792712702,2.114953094,1.49392841
1524418,0.86797886,-0.678759946,1.260029721,1.672563024
1524414,2.126132719,0.670581594,2.242136676,1.483556707
1524415,0.540947455,0.474498546,0.79747983,1.402472624
1524416,0.585528522,1.31579898,2.15765667,1.431945299
1503365,2.030144269,1.660607396,1.7493002,1.059916094
909780,0.939144041,NA,2.195527427,NA
1503370,0.43073717,-0.38500514,1.557920632,1.556082463
1480367,0.765767002,1.916989515,1.987856557,NA
1480374,2.407015492,1.746029967,2.6104216,NA
1503367,2.402357344,2.165259093,0.618676602,0.377072682
753559,NA,NA,2.267717668,NA
1479988,0.413170656,0.02412851,0.466155336,0.411922902
753563,1.305315381,1.209169851,NA,1.280008151
1479995,1.321902013,1.15826852,1.876635089,NA
1503371,1.98943879,1.506438279,2.337637778,1.343309561
1503369,1.639034841,1.67899798,1.517481961,1.054014744
1240184,NA,0.818479107,1.331052288,NA
1524417,2.207627824,0.941931919,2.306812722,NA
1322213,1.778328771,2.028110625,1.591118206,1.304902986
946377,1.610551327,NA,1.535254131,0.751639509
1659817,1.371917417,1.339584503,1.380173722,1.175076093
1503363,2.221073902,2.263730101,1.092518797,1.569918104
1480360,1.648843181,1.197599645,2.05844738,NA
1524419,1.049294814,1.114340884,1.549471978,1.242713151
1660035,2.484137874,2.30981481,0.822818115,1.879892054
907291,NA,1.969655379,1.576040726,NA
1240186,NA,1.37755338,2.340560734,NA
1331033,1.379255707,1.474226604,0.98536797,NA
724812,NA,NA,1.371333981,NA
749713,NA,NA,1.4031242,NA
910784,NA,0.774195612,1.263153246,NA
910918,NA,NA,0.143150916,NA
753534,NA,2.300261916,1.417726072,NA
910698,NA,1.792949554,2.035084123,NA
946382,NA,2.2859326,1.814708058,NA
906805,NA,2.123834919,1.122865418,NA
1240135,NA,1.981817236,2.548359526,NA
1290814,NA,1.282699856,2.107737612,NA
1303901,NA,NA,1.431239748,NA
724869,NA,0.806817893,1.944604863,NA
753566,NA,2.092940733,1.969368699,NA
907275,NA,0.303298214,NA,-1.024936284
907796,NA,1.593743388,1.361550087,NA
1240178,NA,1.384101416,2.602724791,NA
908472,NA,1.320666098,2.180194842,NA
687815,NA,2.110755364,1.685573481,NA
908481,NA,NA,1.764104781,NA
1240205,NA,1.669049979,1.035809694,NA
909264,NA,1.324935041,1.505490688,NA
909704,NA,1.53115707,1.092871867,NA
910930,NA,NA,0.003846614,NA
905979,NA,1.057290939,2.596413213,NA
909742,NA,NA,0.279741839,NA
909745,NA,1.662671574,2.686830538,NA
1240220,NA,1.140495726,2.621513149,NA
909755,NA,2.416207801,1.662508396,NA
906999,NA,0.522230023,2.528122078,NA
924111,NA,1.447406448,1.612898452,NA
1298145,NA,NA,2.627383943,NA
907061,NA,NA,2.111272221,NA
924151,NA,-1.217883506,1.698879606,NA
907319,NA,1.865681199,1.019848841,NA
688015,NA,NA,1.975410838,NA
924106,NA,NA,-0.014479843,NA
906854,1.274401383,0.94193109,NA,1.059329758
946363,NA,NA,0.661981666,NA
907318,NA,2.003009814,0.450796475,NA
908463,NA,2.454295579,2.969430887,NA
1240208,NA,0.760548307,1.770287444,NA
909748,NA,2.15905659,2.25147861,NA
909762,NA,NA,1.474963284,NA
1240136,NA,2.165432833,2.263978251,NA
753572,NA,1.889124004,1.356611183,NA
909194,NA,NA,1.630640106,NA
909715,NA,NA,-0.69270721,NA
906814,NA,1.926891233,2.302703837,NA
910922,NA,0.992612931,0.607288836,NA
722058,NA,NA,1.562908866,1.521542302
1240217,NA,1.753157942,1.149443734,NA
1240155,NA,NA,1.260377313,NA
688010,NA,NA,1.679606665,1.268370252
1299052,2.473863527,2.488095915,NA,1.86673027
1299061,0.714242781,1.700630924,NA,1.574801859
1298136,NA,NA,1.355655009,NA
1298216,1.993371374,1.609463053,NA,1.095869408
1240224,NA,NA,2.06909656,1.151242875
924248,NA,NA,NA,NA
753570,NA,0.981588815,2.152421258,NA
1303896,1.681971101,1.516842865,NA,0.698020461
910910,NA,NA,2.050878673,NA
687816,NA,NA,2.054609839,NA
1298156,2.105410835,1.948994704,NA,1.437529093
906842,0.459270362,NA,NA,1.348326417
906825,NA,NA,0.974105863,NA
909739,NA,NA,1.379771349,NA
1290725,NA,NA,2.210027433,NA
909746,NA,1.649648494,3.146549814,NA
949167,1.975547838,1.875680503,NA,1.332594677
1659823,NA,1.983419981,1.543670455,NA
909722,0.840381488,1.096026144,NA,NA
910941,0.583800655,NA,0.329111429,NA
971774,0.320738475,2.066287727,NA,1.382607543
1330981,NA,NA,NA,NA
946357,1.83282825,1.456078722,NA,1.072864015
906807,0.095712298,1.43108457,NA,0.436954005
998184,1.514466819,1.013915816,NA,1.13327254
908442,2.656314551,1.696002929,NA,2.03967631
724825,0.510568293,0.78521107,NA,0.245283027
713869,1.806230766,1.550703465,NA,1.20939804
1290771,2.139432887,NA,NA,1.34323577
1789883,1.926710735,1.683493761,NA,1.499570517
1509073,2.12134115,1.229857077,NA,1.51636722
1503364,1.363842931,0.92428148,NA,1.181814497
1330993,1.913012173,2.01627989,NA,1.311402921
1240144,2.139482753,2.06900182,NA,NA
907276,1.940619917,1.826594419,NA,1.005380969
1240124,2.370290087,1.307864436,NA,1.571341054
910951,0.730919422,0.287678898,NA,-2.220357249
1327765,1.265508488,1.282194983,NA,0.556613189
1327773,0.613026745,1.68220176,NA,0.534074978
908132,1.255395608,1.655880072,NA,0.95473213
1330948,1.400374335,1.103165322,NA,0.471100731
1330964,1.818771795,1.886826988,NA,1.220642236
910899,1.674850688,1.843758003,NA,0.462442828
753607,1.824749196,2.124891719,NA,0.948026628
1330994,0.366023146,1.56290776,NA,0.461077392
909727,1.578907233,1.857125538,NA,1.818182611
910209,1.844188508,1.877474699,NA,1.455720311
753569,2.367133812,1.656554501,NA,1.441418742
908468,1.785022591,1.87721378,NA,1.180668357
1303911,NA,NA,1.528063951,NA
1297438,NA,NA,1.540720561,NA
1659928,NA,NA,1.108213755,NA
1480359,2.460415319,2.385370165,NA,1.855483149
1659819,0.956840223,NA,NA,0.061497784
1330973,2.812279916,2.682235379,NA,NA
687980,NA,NA,NA,NA
1659818,0.582783061,NA,NA,0.816397504
949162,NA,NA,NA,NA
1240137,NA,1.660920036,NA,NA
753597,NA,NA,NA,NA
1322212,NA,2.769764807,NA,NA
906849,NA,NA,NA,NA
924189,NA,NA,NA,NA
949092,NA,NA,NA,NA
688022,NA,NA,NA,NA
924241,NA,NA,NA,NA
